Source Plate Name,Source Plate Type,Source Well,Sample Comments,Destination Plate Name,Destination Well,Transfer Volume
Source[1],384PP_AQ_BP,A01,TCC AGT AAT ATA AGT CGT TAA TTC GAG ATT CGG TTT ACT TAA CC,Destination[1],H1,50
Source[1],384PP_AQ_BP,A02,CTA CTC ACT TTC CCA CTG CTA GGG CGA AGA GGG CAG ATT AC,Destination[1],H1,50
Source[1],384PP_AQ_BP,A03,ATA CTG CGA ATG ACC ATT AAG GGT TTA CCG ATT CAC TCA TC,Destination[1],H1,50
Source[1],384PP_AQ_BP,A04,AAC GCA AAG GAG CCA GCT TTC GTT CGA CTA T,Destination[1],H1,50
Source[1],384PP_AQ_BP,A05,ACA ACT CGC AAC CGA TGT CCG CGC AAG ACG TAA TCG ACT TGT ACA ATT ATC CTA AC,Destination[1],H1,50
Source[1],384PP_AQ_BP,A06,CTA CTC ACT TAG GGC TAC ATT TTC CTC AGC ACA CTG ACC AC,Destination[1],H1,50
Source[1],384PP_AQ_BP,A07,TTA GAC GGT TAC ATT AAC TCC AAG TCG TTC C,Destination[1],H1,50
Source[1],384PP_AQ_BP,A08,TTA ACA CAT TTC CCG TTA GTC GAC AAC GGG CAG AGT GAC CGG GAA AAC CGC AAT AC,Destination[1],H1,50
Source[1],384PP_AQ_BP,A09,CCG TAA TTA AAT AGT ATG GGG TCC GAA ATG T,Destination[1],H1,50
Source[1],384PP_AQ_BP,A10,CTT CCT TAC CGC TTA CCG CGA AAC GGA CCA AAG GGT TAT AAT TGC AAA TG,Destination[1],H1,50
Source[1],384PP_AQ_BP,A11,CCC GAG AAT TTT AGC GTA TTC CAT TAA GTG TTT CAC TCA TC,Destination[1],H1,50
Source[1],384PP_AQ_BP,B01,GAT TAG GAC TGG ACA TGG TTG CAG GAC TGA C,Destination[1],H1,50
Source[1],384PP_AQ_BP,B02,CTA CTC ACT TTG AGG GAC GTT CGG ATA GGA AAT CAA CAA GG,Destination[1],H1,50
Source[1],384PP_AQ_BP,B03,CTG ACG CGA AAG GTA GTC ATG CCA CTA TGT G,Destination[1],H1,50
Source[1],384PP_AQ_BP,B04,CTA CTC ACT TAA CAA GCC GAT AGA CAA TGG AAA ACA GCC AT,Destination[1],H1,50
Source[1],384PP_AQ_BP,B05,GAA ATA TAA GAG AAT AAT TCC TCA GAA TTA GTT CAC TCA TC,Destination[1],H1,50
Source[1],384PP_AQ_BP,B06,AAG TAG ACT GCA ATT GAA AAG TTC CTA AGA T,Destination[1],H1,50
Source[1],384PP_AQ_BP,B07,ACT CGC AAA AAG GAC TTA GGC AAT AAC AAA G,Destination[1],H1,50
Source[1],384PP_AQ_BP,B08,GAT ACG GAG CAT TAA TAC TTT TCT TTT TGG TGG GAC CGC GGG TTA TTT TCC ACT CA,Destination[1],H1,50
Source[1],384PP_AQ_BP,B09,CGA GTG AGT AAT CCG TCG ATC TTG CCA ACT TAT AGT ATA ACT ACC ATT CCA ACA AT,Destination[1],H1,50
Source[1],384PP_AQ_BP,B10,CTA CTC ACT TAC GCT TAA AAT TGT TCC CGT GGT CTT CGC CAC GGC CTT TCG AC,Destination[1],H1,50
Source[1],384PP_AQ_BP,C01,GCA TCT AAA AAG AAG GAC CTC AAA CGA AGG CCA GAC CAA GCG AAA CTT TCA CCC AC,Destination[1],H1,50
Source[1],384PP_AQ_BP,C02,CTA CTC ACT TAG CCA ATA CGC ACC CGC AAT AGA GAG ACT AT,Destination[1],H1,50
Source[1],384PP_AQ_BP,C03,CTA AAT AAA CAA ACA TTA ACC ACT GCA AAG GTT CAC TCA TC,Destination[1],H1,50
Source[1],384PP_AQ_BP,C04,AAT CGC GAG TTA ATG GCA AAT TAT GGG CAA G,Destination[1],H1,50
Source[1],384PP_AQ_BP,C05,ATT GTA TGA CGC ATT AAA TGA CCG AGC TTT TAC GGA GAC GGA TTT ATT ACT AAC AT,Destination[1],H1,50
Source[1],384PP_AQ_BP,C06,GTT AAA GAA ATA AAG AGC CTC CAA TTT TTC C,Destination[1],H1,50
Source[1],384PP_AQ_BP,C07,TTT CGT TAG TCC GCT CAA CGT TAC CGA CCG CCA TTA TAA CAA GAC CTT TTA TCT TC,Destination[1],H1,50
Source[1],384PP_AQ_BP,C08,TTC TCT ATT TCG TTT GGC GGA GAG GGG CGC GCA ACC GGC TTA ACG TAA ATT TTA TA,Destination[1],H1,50
Source[1],384PP_AQ_BP,C09,ACC ACC TTT TTA AAC TGA CAG AGG CCG GAA AGA GTG GGA ATG TAC GAT CAA AAT GC,Destination[1],H1,50
Source[1],384PP_AQ_BP,C10,ATG CCC TCA CGC TAG AAG GAC TCC GGC TAT GAC AGC GCA AGG ATA ACC AA,Destination[1],H1,50
Source[1],384PP_AQ_BP,D01,AAA ACT AAA TAC CAG GTA TCA CAA CGA GAA T,Destination[1],H1,50
Source[1],384PP_AQ_BP,D02,TGA GTT AAG AAC ACC TGC TAC CAA CAA CAG TAA CAG CCG CGT TGA TTT CAT CTT AT,Destination[1],H1,50
Source[1],384PP_AQ_BP,D03,AGC AGA CTG GAC GGA ACG AGA CTC CCA CCG C,Destination[1],H1,50
Source[1],384PP_AQ_BP,D04,TCC CAC AAG TCA ATT TGT TTT CGC CGG AAA T,Destination[1],H1,50
Source[1],384PP_AQ_BP,D05,CCC ACT AAT TTG TAC AAC CGC AAC AAT TTA TAC CGC TAA GGT ACT AAA ACT ATT TA,Destination[1],H1,50
Source[1],384PP_AQ_BP,D06,CTA CTC ACT TAT TAA AAC TAT ACC AAG ACA ACC GGT CTT AC,Destination[1],H1,50
Source[1],384PP_AQ_BP,D07,ACC ACC TTT TAT AAT GGT CGT TCC GGC TAT CAA ACT C,Destination[1],H1,50
Source[1],384PP_AQ_BP,D08,GTG TAA TGA GTC CGT AAA GTA ATT ACG TCG ACC GTG CTG TCC AAA GTT ACA CAA TT,Destination[1],H1,50
Source[1],384PP_AQ_BP,D09,AAC TTT ATT TCC GAA TGA CTA ATA GTT GGC C,Destination[1],H1,50
Source[1],384PP_AQ_BP,D10,GCG AAG GGA CAA AAA CAG TAC TTT TTC AGA AAT CAG GAG TTT CTT CAC TCA TC,Destination[1],H1,50
Source[1],384PP_AQ_BP,E01,ATA CCT CCT TAG GCG TCA TAA CCT GCG ATA GGT CAG ATT TGG ACT CCG AAA TAA CG,Destination[1],H1,50
Source[1],384PP_AQ_BP,E02,CAT CCA AAT TGC CAT AGT TCG ACA AAT TCT TTA AGT GGA GAA AGG AAG ACC ATT GA,Destination[1],H1,50
Source[1],384PP_AQ_BP,E03,CGA CCG CCG CCG AGA ACT GCG ATT TCC GTT TTT CAC TCA TC,Destination[1],H1,50
Source[1],384PP_AQ_BP,E04,ATT TCC GAC GAT AAA CGA ACG AAC AAG AGC T,Destination[1],H1,50
Source[1],384PP_AQ_BP,E05,CTA CTC ACT TAA ACA TAT TGC GTA TCA ATG TAT ATC AAT AT,Destination[1],H1,50
Source[1],384PP_AQ_BP,E06,CTA CTC ACT TGT AAT AAG TCT TCA TAA AAC AGA ACG CTA AC,Destination[1],H1,50
Source[1],384PP_AQ_BP,E07,TAT AAA GAC CGC ATG GCA AGG ACA GAT TTT AGG GTT CCT ATT CC,Destination[1],H1,50
Source[1],384PP_AQ_BP,E08,GAA ATA CGA AGG CCG TCT AAA GCC TTG GTG G,Destination[1],H1,50
Source[1],384PP_AQ_BP,E09,CTA CTC ACT TAT GTC CCA GTA TTA CGA ATT GTT TTT AAA TT,Destination[1],H1,50
Source[1],384PP_AQ_BP,E10,GGA AAT AGG GTA ATG CCA GTT AGG CGG CAA ATT CAC TCA TC,Destination[1],H1,50
Source[1],384PP_AQ_BP,F01,GGG AGA CCG TTT TGA GTA AAA ATA GGA ACG CTT CAC TCA TC,Destination[1],H1,50
Source[1],384PP_AQ_BP,F02,CTA CTC ACT TTT GGC TAT GTT AAT TGT GAC TAA TGC CAC GA,Destination[1],H1,50
Source[1],384PP_AQ_BP,F03,CAT ACA CTT TGA GAC CAA GGC CAC TAA AAC TAA TAC TTT TAG CGA CTT TGA CAA CT,Destination[1],H1,50
Source[1],384PP_AQ_BP,F04,TTG TTT TTT AGC AAA GAG CGC AAG AAT CTT A,Destination[1],H1,50
Source[1],384PP_AQ_BP,F05,CTA AAC GTA GTC GTA CAC TAT GAT TTG TCC GAA AAA GAT CAT TAA TTT CAT TCA CT,Destination[1],H1,50
Source[1],384PP_AQ_BP,F06,CTA CTC ACT TCC TAA TAT AAC TAC TTT AAG TTT TTA TAA CA,Destination[1],H1,50
Source[1],384PP_AQ_BP,F07,CCC ACT AAT TAA TTA GCC GGA GGA CAA ATC GAG GGC GAG ATG AAT ATA GTT GGG AG,Destination[1],H1,50
Source[1],384PP_AQ_BP,F08,TTT GTC GAT ACT GGT TTA TCG ATG GGA GAG GTT CAC TCA TC,Destination[1],H1,50
Source[1],384PP_AQ_BP,F09,CTA CTC ACT TTA AAT CGA AAT ACG AGG TAA AAT GAT AAT GG,Destination[1],H1,50
Source[1],384PP_AQ_BP,F10,CAA CCA AAA TCC AAC CAC GGA AGC ATC ACC G,Destination[1],H1,50
Source[1],384PP_AQ_BP,G01,TAC TCC CAA GAT TTT GAG AAA ACG TTT TCG GAG AGC GAT AAA ACC ATT CAT TCA CT,Destination[1],H1,50
Source[1],384PP_AQ_BP,G02,GAA CTA AGA CAG CGA TTC CGA GGA AAA CCT CGG AAA AAA AAC CTC TTT ATC CTA AC,Destination[1],H1,50
Source[1],384PP_AQ_BP,G03,AAA GAT AAG AGT GAG ACT ACC GTT TGC GAT TAT TCC CCC GAT ACT GTT CCT ATT CC,Destination[1],H1,50
Source[1],384PP_AQ_BP,G04,TAT TTA TTA TAC CGA GTG CAT AAA ATG GGC A,Destination[1],H1,50
Source[1],384PP_AQ_BP,G05,CAA CAT TTT TCT AAG GCC ACA AAT AAG AAT AAA TTG CGG AAT TCT GTC GGC TAA TA,Destination[1],H1,50
Source[1],384PP_AQ_BP,G06,TTA ACA CAT TCT ATT AAG GCG AGG AAG ACC ACC AAA GAA AGA TAT AGA CTA AAC GA,Destination[1],H1,50
Source[1],384PP_AQ_BP,G07,CTA CTC ACT TTA TCA TGC GCG GGA CCC AAG ACT CCC ACC GC,Destination[1],H1,50
Source[1],384PP_AQ_BP,G08,TGT AGG GGG AAA GCG AAA TAT GTT AGA AGG A,Destination[1],H1,50
Source[1],384PP_AQ_BP,G09,CTA CTC ACT TAA TTA AAA CGA TTA AAT CCT TCC GGT CTG CG,Destination[1],H1,50
Source[1],384PP_AQ_BP,G10,CGG TGC GAA CCA TAT TAG CGA CCC CCA GTT TCT ATT CTT CTC CA,Destination[1],H1,50
Source[1],384PP_AQ_BP,H01,TAA CAA CCT TAA ATA GCA GCA GAC CAT TTG CTC CCA ATA CTT AAG AGC AAA AGA CT,Destination[1],H1,50
Source[1],384PP_AQ_BP,H02,ATT CCA ATT TAA AGT TGC ACT TTT TTA ATA ATA AGC GTT ACG TCG CTG GCT TAT AT,Destination[1],H1,50
Source[1],384PP_AQ_BP,H03,CTA CTC ACT TCG ATA GCT ACC AAA GCC TTA TAG TTC CGG TT,Destination[1],H1,50
Source[1],384PP_AQ_BP,H04,TAA TCA AAT AAA ACA TTG ACC GTT TAA TCC GAG ATT AAA CCT AC,Destination[1],H1,50
Source[1],384PP_AQ_BP,H05,GCC ATA AAG TTT GGT GAT TAC TAA GGA TGC T,Destination[1],H1,50
Source[1],384PP_AQ_BP,H06,TGG CCT ATT CGG AAG ACA AGG CGT TTT ACT ATT ACA ATG AGT TTG ATT ATC CTA AC,Destination[1],H1,50
Source[1],384PP_AQ_BP,H07,CAA GAC TCC CAC CGC TAT CGC CGC GTA ATT CGC GCC GCC CAC ACC ATT ATC TAC TA,Destination[1],H1,50
Source[1],384PP_AQ_BP,H08,CTT AAT AAA AAC TAC GGC AGC AGG GGA GTT TGA CCG TCT ACG TGC CTT ACT AAC AT,Destination[1],H1,50
Source[1],384PP_AQ_BP,H09,TAA CAA CCT TTT ACG ATG ATG ATA ATC ATC TTA ACT A,Destination[1],H1,50
Source[1],384PP_AQ_BP,H10,ATC ACT TCT TTC ACA AAA TCA CAT AAG AAA ACG GAG A,Destination[1],H1,50
Source[1],384PP_AQ_BP,I01,ATA GAC GTA ATC AAC CTT AGG CGA AAC GAA G,Destination[1],H1,50
Source[1],384PP_AQ_BP,I02,TTC AAC AAA TCG TTT CAC AGA AAG CGA CGA C,Destination[1],H1,50
Source[1],384PP_AQ_BP,I03,CCG GAA CGA TTA CCA ACC ATA AGG CAA TAA T,Destination[1],H1,50
Source[1],384PP_AQ_BP,I04,GAC CCA CGT TTT ATC AGA TTA TGA AGA TTT A,Destination[1],H1,50
Source[1],384PP_AQ_BP,I05,ACG ATA ACC CGC GCC CAA TTT AAA TCC AGT CTT CTA CTT TAA TTG ATT AAC CCT AT,Destination[1],H1,50
Source[1],384PP_AQ_BP,I06,TAG ATA ATC AAC AAT GTG GAG ACA AAA TAG A,Destination[1],H1,50
Source[1],384PP_AQ_BP,I07,ATA CCT CCT TCA ATG CGC GTC GCA CTG GCG ATG TGA A,Destination[1],H1,50
Source[1],384PP_AQ_BP,I08,ATT CCA ATT TAT GCT ACG CGG GTA GAT GTG GTT GCA C,Destination[1],H1,50
Source[1],384PP_AQ_BP,I09,CGA GCC ATG GGC CCC TAC CAA GTG CAT CAC CCG GTA GCG GGA C,Destination[1],H1,50
Source[1],384PP_AQ_BP,I10,TGA CAA ATT TCG TAA CTA TCG ATT TGT CCA ATA ACT GGT AAA C,Destination[1],H1,50
Source[1],384PP_AQ_BP,J01,ATT AGA AAA ACT ACG GTT ACA CCA TAA GGA TTT AGA GTT GAC TAC TTT TAT CTC TT,Destination[1],H1,50
Source[1],384PP_AQ_BP,J02,CAA CAT TTT TAC CTT TCT GCT GTT TTG AAA TCT AGC A,Destination[1],H1,50
Source[1],384PP_AQ_BP,J03,CTA CTC ACT TCT AAA ACG ACC GAG ATT TGC CAT TTA AGT CT,Destination[1],H1,50
Source[1],384PP_AQ_BP,J04,TTA ACA AAC ATT TCA CGT TGA TTA GAA CTA AAT TCC GAA GTT TTG GTT CAC CTC AC,Destination[1],H1,50
Source[1],384PP_AQ_BP,J05,TAA CAA CCT TTT TAT ATA AAC TTT TTC AAA AGA GCG CAA GCA TTA GGT TTG TTA GT,Destination[1],H1,50
Source[1],384PP_AQ_BP,J06,ACT TAA CTT TAC TGG TCT ATA ACT AAC TCC CAA ACT ATA ACT ATT AGG TAA AGT CT,Destination[1],H1,50
Source[1],384PP_AQ_BP,J07,AGC CAA GGG AAG GAA AGA GCG GTG CAA GCG GCC GTT CTT CTC CA,Destination[1],H1,50
Source[1],384PP_AQ_BP,J08,AAG AGG GTG CCT CTT AGG CTG CCC AAC AAT GAG CTT AAA CCT AC,Destination[1],H1,50
Source[1],384PP_AQ_BP,J09,TTA ACA CTC GCC TAT TGT GCA AGA AAT TAT CAC CTG AGA ACA A,Destination[1],H1,50
Source[1],384PP_AQ_BP,J10,GCT CAG CGC CTA AAG CTG TGT TAA ATA GTC CGC TTT CCT ATT TTA ACA TC,Destination[1],H1,50
Source[1],384PP_AQ_BP,K01,TTC TCT ATT TAG AAA GAT GGA CAT TAT TAC AAC AAG GCA ACG CGG ACG ACC CCG TT,Destination[1],H1,50
Source[1],384PP_AQ_BP,K02,TAC AAT CAT TCC GAA CGA TAG GGA CTT TTA CTC CCA CCA CAG TTG GAG GAC AGT TA,Destination[1],H1,50
Source[1],384PP_AQ_BP,K03,GTT CAG CCA CTG CCA ATA AAA GAT GCA AAC G,Destination[1],H1,50
Source[1],384PP_AQ_BP,K04,CTC ATA CCT TGG GCG TTC AGC CCT CCA AGC GAT TTT GCG GAG AAT AAA CCT AAC CC,Destination[1],H1,50
Source[1],384PP_AQ_BP,K05,CTA CTC ACT TAT TGG GTT GGA TTC GGA CAA AAT GCA CGT TT,Destination[1],H1,50
Source[1],384PP_AQ_BP,K06,ACT ACG AAA TCT AAA TAA TGC GAA AGT CCA G,Destination[1],H1,50
Source[1],384PP_AQ_BP,K07,TTC TCT ATT TAA GGG GCA GTT CGA GAT TTA GCC CCC GAG GTG AGC AGT TTC GTT GG,Destination[1],H1,50
Source[1],384PP_AQ_BP,K08,CTA CTC ACT TTT TTT TAC TCG ACT ACA AAA ACC ATG TTG GC,Destination[1],H1,50
Source[1],384PP_AQ_BP,K09,GGT TCG CAC TAC CTG TCT GAG AAA ATG AGC CAC CGA TTA TGA AAG TAC AA,Destination[1],H1,50
Source[1],384PP_AQ_BP,K10,GGA GTT TAC ATA ATA CGG AGC AAG GCC GAT TCA TTG TAC CTC GTT CAC TCA TC,Destination[1],H1,50
Source[1],384PP_AQ_BP,L01,CTA CTC ACT TCA TAT TAC TCG GTC ATG ATA AGA AAA CTA AA,Destination[1],H1,50
Source[1],384PP_AQ_BP,L02,CAT GAT TTG GAG GAC GAG ACC GAA ATT ACT C,Destination[1],H1,50
Source[1],384PP_AQ_BP,L03,CTA CTC ACT TTA CTT ATT AAA GGC ATC AAT TTT GAA TAA TG,Destination[1],H1,50
Source[1],384PP_AQ_BP,L04,ACT TTT ATT TTT GCC GAG TAA AAA CTG CAA TTT CAC TCA TC,Destination[1],H1,50
Source[1],384PP_AQ_BP,L05,CTA CTC ACT TAT CAG AGA GTC TGG AAA GTT AAT TCG GGA TG,Destination[1],H1,50
Source[1],384PP_AQ_BP,L06,GAC ACG GTG CAT AAG TAA GTA AAC GAC GAC CGA GAG TCG CAC CGT GTT ATC CTA AC,Destination[1],H1,50
Source[1],384PP_AQ_BP,L07,TCG TGC AAT ATG CAC CGA AAT CCC AAG GCT AAA TCA CGA AAT GCC GTT CAA CAA CT,Destination[1],H1,50
Source[1],384PP_AQ_BP,L08,CTA CTC ACT TTT AAA TTT ATA AAC GTG TCG ACC GCA TTA TC,Destination[1],H1,50
Source[1],384PP_AQ_BP,L09,AAC AAA AGA ACT ACA CAG TTT CTT CAT AAC GAT GTT GCC AAT T,Destination[1],H1,50
Source[1],384PP_AQ_BP,L10,TCC TTT ACA TAG ATT ACC AGT TTG ATT TAG ATG AGC CCA TTT CTG GAC TA,Destination[1],H1,50
Source[1],384PP_AQ_BP,M01,ATT CCA ATT TTC CCG TTC GGA ATA AGT GAC TTA CTC GTC GGT ACA TCC ATA AAG GT,Destination[1],H1,50
Source[1],384PP_AQ_BP,M02,GAT AAG GCC CGA TAT CCT AAG ATT GCT CCT TTT CAC TCA TC,Destination[1],H1,50
Source[1],384PP_AQ_BP,M03,CTA CTC ACT TGA TAA CTA ACA CTG TGG AGT CGC AGA ATT AG,Destination[1],H1,50
Source[1],384PP_AQ_BP,M04,ACT CAC GCC ATG AAC CGG AGA CTG AAA CAA GTT CAC TCA TC,Destination[1],H1,50
Source[1],384PP_AQ_BP,M05,CTA CTC ACT TAT TCG ATA GCG ATA CTT GGA CTT TTA GAT GC,Destination[1],H1,50
Source[1],384PP_AQ_BP,M06,CCT TAT CCT TCA ACG TCC GCC ACA ATT ATG ACT GGC GGA GGC ACG AGG ATT TCT AT,Destination[1],H1,50
Source[1],384PP_AQ_BP,M07,CTA TCA CAT TGG AGC TGG GGT TTT TTG AAC TAA ACC C,Destination[1],H1,50
Source[1],384PP_AQ_BP,M08,CTA CTC ACT TCA AAA ACC CCG AAA ACG AGG GCG TTT TCA TA,Destination[1],H1,50
Source[1],384PP_AQ_BP,M09,CTA CTC ACT TAA AAT TGA CCT TGT TGT GAG TTG GGA TAG AG,Destination[1],H1,50
Source[1],384PP_AQ_BP,M10,ACT GAT ATT ATC AGT TGC AAG CGT CTT AAC CCT TAG TTG ACA A,Destination[1],H1,50
Source[1],384PP_AQ_BP,N01,GCT AAC TCG CAG TTT AAA ACA ATG CAA CTA AAC CCA TTA CTT ATA GTT CAT CTT AT,Destination[1],H1,50
Source[1],384PP_AQ_BP,N02,AGC TGC CGT GAA TAG AAG TAG TTT TCG GTA C,Destination[1],H1,50
Source[1],384PP_AQ_BP,N03,AGT GAT AAC TGA GAA TTT TAT TTG AAT AAG GCA CCA CAG AAA CGC ATT TCA CCC AC,Destination[1],H1,50
Source[1],384PP_AQ_BP,N04,AAC CTT ACT ATT CCT TAT AAA TAG TGT GCC ATT CAC TCA TC,Destination[1],H1,50
Source[1],384PP_AQ_BP,N05,CTA CTC ACT TTC CCT TTT AAT TAA TGA CAT TGA ACC ATA AG,Destination[1],H1,50
Source[1],384PP_AQ_BP,N06,AGA CGA CCA CCA AGC TAT TAT GCT CAA CAG C,Destination[1],H1,50
Source[1],384PP_AQ_BP,N07,CTA CTC ACT TTA TTC CCT AAA ACG GGA GCA TAC AAC ACA CC,Destination[1],H1,50
Source[1],384PP_AQ_BP,N08,CTA CTC ACT TCC ATG TAT ACT AAC TAA ACT TAG AAA TGG AT,Destination[1],H1,50
Source[1],384PP_AQ_BP,N09,ACT CTA GGA GAT CTC AGC TGG ACG TCC GTA CGT TTT AAA CCT AC,Destination[1],H1,50
Source[1],384PP_AQ_BP,N10,TAT CCA AGC CAA GGG AAT ACT AAC TGG CAG ACG CCG ATA ACT GCC GAG AT,Destination[1],H1,50
Source[1],384PP_AQ_BP,O01,CCA ATT CAT TCC AAG AAC AGT TCT AAT GAG AAC TAC T,Destination[1],H1,50
Source[1],384PP_AQ_BP,O02,GTC ATG TGA GGA CAT AGC GGA CCA TGA CTC GTT TTG GGG CGA TTA GTT CCA TAC TC,Destination[1],H1,50
Source[1],384PP_AQ_BP,O03,TAC AAT CAT TAG AAA ATA TAC AAC GGT GGA AAT ACA TAC AGC TAT TAA GTG GAA AT,Destination[1],H1,50
Source[1],384PP_AQ_BP,O04,ACT AAC CAA AGA TGT TAA TAA TAA CCC GAA TTT CAC TCA TC,Destination[1],H1,50
Source[1],384PP_AQ_BP,O05,TCT TCG TTC CAA TAA ATT GGT ATA CTT AAA A,Destination[1],H1,50
Source[1],384PP_AQ_BP,O06,TCT TCC CAA GAT AGA GTC CAA GAT TGG GAA G,Destination[1],H1,50
Source[1],384PP_AQ_BP,O07,CTA CTC ACT TTA GTT TGT CCT AAA AGT CAA GCA AAA TAA TT,Destination[1],H1,50
Source[1],384PP_AQ_BP,O08,CTA CTC ACT TTA ATG GCA AGT AGC TAA TTA GCG GAA CGT CG,Destination[1],H1,50
Source[1],384PP_AQ_BP,O09,TCC CTA ACT TGA ACC GTG ACC GGC AGC AAA ATG TTG C,Destination[1],H1,50
Source[1],384PP_AQ_BP,O10,AAA ATC TAT TGG AAG AGC AAG TAG ACA GGA GAA AGT TTC AAC CTT CAC TCA TC,Destination[1],H1,50
Source[1],384PP_AQ_BP,P01,CTA CTC ACT TAA TTA CCT TTG AAG GGT ACA ATA AGA GAG AC,Destination[1],H1,50
Source[1],384PP_AQ_BP,P02,AGT CTT ATT ATC CAA GAT TTA CAT TAA TTA ATT CAC TCA TC,Destination[1],H1,50
Source[1],384PP_AQ_BP,P03,TAC GGT CAA GAA AAC CTT ACC ACG ATG ACC A,Destination[1],H1,50
Source[1],384PP_AQ_BP,P04,CCA ATT CAT TGA ACA AGT CCT GAA TAG ATA ACA ACT ATT TGA ATA TGA CCA TTC TT,Destination[1],H1,50
Source[1],384PP_AQ_BP,P05,CCT TAC CTT TAC TTT ACT TAT TAA GCG GAG ACG CGC TAA AAT ATC GCT GCT AAA TG,Destination[1],H1,50
Source[1],384PP_AQ_BP,P06,AGG GAA AAT AAT GAC GAT GAC AAT GAC ATA TTT CAC TCA TC,Destination[1],H1,50
Source[1],384PP_AQ_BP,P07,CTA CTC ACT TTG GTC GCA CCT GGC GCT TAA TTA CAC TCA AT,Destination[1],H1,50
Source[1],384PP_AQ_BP,P08,TTC TCT ATT TCT GGA CTA TCG GAA ACA TCT AGA GAG TTT TCA CTA ATG CTT AAG CT,Destination[1],H1,50
Source[1],384PP_AQ_BP,P09,GCT TCT CCG GGC GTG GTC GCG GGA TCG CGG GCG AGG AAA GCG ATT CAC TCA TC,Destination[1],H1,50
Source[1],384PP_AQ_BP,P10,AGT CAC CTT ACT TTG AAG GTC TGT GGC ATG AAA TGA AAG CCC GAA GGA GA,Destination[1],H1,50
Source[2],384PP_AQ_BP,A01,TCA CTT ACT TTC GAG CTT AAT TTT GCG CTA TAA ACT TCA GAC AAC GTA TAA ATT TTG TAC AAC TCG AT,Destination[1],H1,50
Source[2],384PP_AQ_BP,A02,GTC CAG TCG GTC GGA TAC GCG GAC CAG ACA TGT GGG AGT TAA GGA AAG TTG ACA ACT AAA CGG TTT TCC ATA CTC,Destination[1],H1,50
Source[2],384PP_AQ_BP,B01,AGC CTG GAA AAG TCG AGC GCG GGG TTT ACT TTT ACA CTC CCC CTA AGT TAC TTA TAA ATA CTG CTT TCA TCT TAT,Destination[1],H1,50
Source[2],384PP_AQ_BP,B02,CAA TTC TTT TAA TTT TAA TTA TTG CAA GCC CGT TTC CTA ACA AGC CAT AAA AAT TAC CGC TAC AAA ATC CCT TAT CCT AAC,Destination[1],H1,50
Source[2],384PP_AQ_BP,C01,CAT ACA CTT TGG CGT TTT TAC TGG AGA ATA GTT TTC CTC GCG TTA AAT GAT GAG CAA GAC CAC AAA GAG CAT TTA ACC TTA,Destination[1],H1,50
Source[2],384PP_AQ_BP,C02,ATA CCT CCT TAT AGT CAA GCG CGT AAT TTC TGA TTA TCG GCT AAC GGT AGT AGA CTA TTA GTC CTT ATA CTT TTC AAT TCA,Destination[1],H1,50
Source[2],384PP_AQ_BP,D01,TGG GGA CAT CGG CAA CGA TGG GAG CAA GGC TAC GGT AGG GTA TGT CTT TTA AGT AAA TGA TTG CAT TAT CTA CTA,Destination[1],H1,50
Source[2],384PP_AQ_BP,D02,TAA CAA CCT TGC TGA CCT TTC GCC CGT CAC TCG CGT TGC GAA ACG ACG TTG AGA GAG TCC CGG TCC GCC ACT TCT TCA CTA,Destination[1],H1,50
Source[2],384PP_AQ_BP,E01,CGG AGC TAG CGG GAA GGG TTG TCA ACG CGT CGG AGT GAG TCA CAA TGC CAT GTA CCC AAG GAT AAT TTC CAT TCC,Destination[1],H1,50
Source[2],384PP_AQ_BP,E02,AAG AAC TGA CCC TTT TGG GAC CGC AAT GGG TTG ATA AGA GAA CAA ACG AGG TCT GAG AGT CCG TTT TCT TCA CTA,Destination[1],H1,50
Source[2],384PP_AQ_BP,F01,AAC TCA AAT TAT TAG GAA GAG AAC TCC TCA GAG TCG GAG AGG GAG TGA CTA ATA TTT TTG TGA AGA GT,Destination[1],H1,50
Source[2],384PP_AQ_BP,F02,TCC CTA ACT TAG TGT AAA TTA CAA CTA CTT TCG ACC GAT GAG AAA CGG AAC GGA CAT ACT AAA TAA CCT ACT TTC CAT TCC,Destination[1],H1,50
Source[2],384PP_AQ_BP,G01,CCA ATT CAT TCA CCG AGA CTC CCA CCG CCA AGA CTC CCA CGT GTC CGC AAC ATC AAA CAT GAC CAC TG,Destination[1],H1,50
Source[2],384PP_AQ_BP,G02,CTA CTC ACT TCC TGC TGC CAA AAA GCG GGA AAC TGC AAC CTC AGC TGT TAA AGT GTG TCC,Destination[1],H1,50
Source[2],384PP_AQ_BP,H01,CGA GCG ATT GAT ACT CCC GAC AGA CAC CTT ACG AAC GCC GAG ACT CCC TCC GCC AAG GCC ACC ACT TAA ACC TAC,Destination[1],H1,50
Source[2],384PP_AQ_BP,H02,CTA CTC ACT TAA GGT AAT TTC AAC TTT AAT TTG GTA GAG TTC GGT TTA ATT TCC ATG AGA,Destination[1],H1,50
Source[2],384PP_AQ_BP,I01,CAT ACA CTT TCT TTT ACG GCT ACT TTT GCG CGA TGT CAG AGC CAC CAC CAA GAC CAC CGC CGA GAC TCC CAT TTT CTT AAC,Destination[1],H1,50
Source[2],384PP_AQ_BP,J01,ATC ACT TCT TTG CCC GTG ACA ATG AGT TCC GTG ACT GGG GAG TTA TAA ATG GAA GGG AGG GAG TTA GCC AAT TCA CCT CAC,Destination[1],H1,50
Source[2],384PP_AQ_BP,K01,ATC ACT TCT TCT TTC TGC GAG CAA TCG CAA CCA TTC TAA GCA CTA TGT TTA GAG GCA ACA TGA AAC AA,Destination[1],H1,50
Source[2],384PP_AQ_BP,L01,CCT TAC CTT TAT CGA TAA CGA TAA AGT AAC AAA GAA CGA GAA CGA GCA TTT AAT CCT ACC CTA TAA TAA AAT TAT CTA CTA,Destination[1],H1,50
Source[2],384PP_AQ_BP,M01,TAT CCC AAT TAA ATA ACA GCA GCA GAC CTG TCT TAA TGA AGG AAT GAA AAG AAT TTT TCC CGA AGC CAT TCT TAC TTA ACC,Destination[1],H1,50
Source[2],384PP_AQ_BP,N01,TTC TCT ATT TTT ACA GCG GGA AAA CAG AAA CCG CGA CCA TAG TGA GTG TAT ATA ACT AAA TAC ATG ACA AAT TCC TCC ATA,Destination[1],H1,50
Source[2],384PP_AQ_BP,O01,CTT CTA TTT TGT AAT TTT TTC CAT TAA GTT TAC TTT AAC ACG GCT TTA TCC GTC CCC CGT AAT TGA CAA ATT TAC TTA ACC,Destination[1],H1,50
Source[2],384PP_AQ_BP,P01,TAC AAA GAT GAG TCC GTT CAC TAC AAT AAT GAT TAA ACA AAG TAG TAG AAG AAA ACG AGT CCA TTT TTC AAT TCA,Destination[1],H1,50
